CNN,STREET,COLOR
22585000,OCEAN,Yellow
22585000,PLYMOUTH,Green
24686000,PINE,Green
24686000,SANSOME,Green
25139000,ELLIS,Green
25139000,LEAVENWORTH,Green
24945000,JONES,Green
24945000,O'FARRELL,Green
25956000,FULTON,Green
25956000,WEBSTER,Green
24695000,BATTERY,Green
24695000,WASHINGTON,Green
25813000,18TH ST,Green
25813000,CASTRO,Green
4607000,DAVIS,Green
4607000,MIDBLOCK AT,Green
4607000,CLAY,Green
4607000,SACRAMENTO,Green
24491000,BRYANT,Green
24491000,STERLING,Green
24377000,15TH ST,Green
24377000,VALENCIA,Green
24513000,03RD ST,Green
24513000,HARRISON,Green
23149000,19TH AVE,Green
23149000,SLOAT,Green
26416000,CLAYTON,Green
26416000,OAK,Green
26383000,GOLDEN GATE,Green
26383000,MASONIC,Green
25871000,14TH ST,Green
25871000,DOLORES,Green
24094000,23RD ST,Green
24094000,MISSION,Green
26754000,BAY,Green
26754000,LAGUNA,Green
23141000,JUNIPERO SERRA,Green
23141000,PORTOLA,Green
23141000,SLOAT,Green
23141000,WEST PORTAL,Green
24631000,04TH ST,Green
24631000,MINNA,Green
27288000,08TH AVE,Green
27288000,GEARY,Green
21699000,BOSWORTH,Green
21699000,MISSION,Green
21699000,MURRAY,Green
26027000,OAK,Green
26027000,SCOTT,Green
20467000,03RD ST,Green
20467000,LE CONTE,Green
26723000,BAY,Green
26723000,FRANKLIN,Green
26627000,BUSH,Green
26627000,SCOTT,Green
23611000,CESAR CHAVEZ,Green
23611000,PENNSYLVANIA,Green
24315000,07TH ST,Green
24315000,MISSION,Green
24149000,18TH ST,Green
24149000,MISSION,Green
26446000,HAYES,Green
26446000,STANYAN,Green
30738000,03RD ST,Green
30738000,GEARY,Green
30738000,KEARNY,Green
30738000,MARKET,Green
24494000,01ST ST,Green
24494000,HARRISON,Red
24494000,US I-80 ON RAMP,Green
9751000,OAK,Green
9751000,MIDBLOCK AT,Green
9751000,FRANKLIN,Green
9751000,GOUGH,Green
25223000,BUSH,Green
25223000,VAN NESS,Green
25952000,HAYES,Green
25952000,WEBSTER,Green
24662000,GRANT,Green
24662000,SUTTER,Green
24908000,POST,Green
24908000,STOCKTON,Green
5331101,EVANS,Green
5331101,POST OFFICE,Green
23566000,19TH ST,Green
23566000,ILLINOIS,Green
27578000,ARGUELLO,Green
27578000,LAKE,Red
27578000,SACRAMENTO,Green
21346000,26TH ST,Yellow
21346000,VALENCIA,Green
22424000,FOWLER,Green
22424000,PORTOLA,Red
22424000,SYDNEY,Green
21486000,GENEVA,Green
21486000,MISSION,Green
25906000,GOUGH,Green
25906000,OAK,Green
26699000,FRANKLIN,Green
26699000,LOMBARD,Green
26928000,GEARY,Green
26928000,SPRUCE,Green
26494000,GEARY,Green
26494000,GOUGH,Green
26494000,PETER YORKE,Green
26494000,STARR KING,Green
26507000,GOUGH,Green
26507000,PINE,Green
30731000,01ST ST,Green
30731000,BATTERY,Green
30731000,BUSH,Green
30731000,MARKET,Green
25111000,BROADWAY,Green
25111000,POWELL,Green
25478000,NORTH POINT,Green
25478000,STOCKTON,Green
24022000,16TH ST,Green
24022000,POTRERO,Green
27505000,20TH AVE,Green
27505000,GEARY,Green
25916000,FELL,Green
25916000,GOUGH,Green
34190000,16TH ST,Green
34190000,TERRY FRANCOIS,Green
21737000,ITALY,Green
21737000,MISSION,Green
23204000,19TH AVE,Green
23204000,QUINTARA,Green
27446000,CABRILLO,Green
27446000,PARK PRESIDIO,Green
25004000,MASON,Green
25004000,PINE,Green
6436206,GREAT HWY,Green
6436206,NORIEGA,Green
25179000,O'FARRELL,Yellow
25179000,POLK,Green
23875000,07TH ST,Green
23875000,BRYANT,Red
23875000,US I-80 OFF RAMP,Green
27475000,ANZA,Green
27475000,PARK PRESIDIO,Green
12553201,EMBARCADERO,Green
12553201,MIDBLOCK AT,Red
12553201,FERRY BUILDING NB,Green
24557000,MAIN,Green
24557000,MISSION,Green
10549000,GOODLETT,Green
10549000,MIDBLOCK AT,Green
10549000,GROVE,Green
10549000,MCALLISTER,Green
26044000,EDDY,Green
26044000,FILLMORE,Green
33647000,BACON,Green
33647000,SAN BRUNO,Green
24439000,LARKIN,Green
24439000,MCALLISTER,Green
26698000,FILBERT,Green
26698000,FRANKLIN,Green
25946000,LAGUNA,Green
25946000,MCALLISTER,Green
24498000,FOLSOM,Green
24498000,FREMONT,Green
25191000,EDDY,Green
25191000,FRANKLIN,Green
24372000,14TH ST,Green
24372000,MISSION,Green
24712000,JACKSON,Green
24712000,SANSOME,Green
24192000,10TH ST,Green
24192000,BRYANT,Green
24192000,US 101 S ON RAMP,Green
24903000,GEARY,Green
24903000,POWELL,Green
26175000,DANVERS,Green
26175000,MARKET,Green
27862000,37TH AVE,Green
27862000,FULTON,Green
24756000,CLAY,Green
24756000,MONTGOMERY,Green
24122000,20TH ST,Yellow
24122000,FOLSOM,Green
26058000,BRODERICK,Green
26058000,FELL,Green
23589000,02ND ST,Green
23589000,KING,Green
20296000,BAYSHORE,Green
20296000,TUNNEL,Green
24798000,BROADWAY,Green
24798000,DAVIS,Green
7833201,KING,Green
7833201,MIDBLOCK AT,Green
7833201,03RD ST,Green
7833201,04TH ST,Green
26535000,CLAY,Green
26535000,VAN NESS,Green
25219000,SUTTER,Green
25219000,VAN NESS,Green
23384000,SUNSET,Green
23384000,TARAVAL,Green
54065000,GENEVA,Green
54065000,STONERIDGE,Green
25474000,EMBARCADERO,Green
25474000,KEARNY,Red
25474000,NORTH POINT,Green
24062000,25TH ST,Green
24062000,SOUTH VAN NESS,Green
22943000,14TH AVE,Green
22943000,PORTOLA,Green
22943000,SAN ANSELMO,Green
22943000,SANTA ANA,Green
25536000,BAY,Green
25536000,LEAVENWORTH,Green
25627000,21ST ST,Green
25627000,GUERRERO,Green
26326000,CENTRAL,Green
26326000,OAK,Green
28106000,CROSS OVER,Green
28106000,PARK PRESIDIO BYPASS,Green
27968000,47TH AVE,Green
27968000,FULTON,Green
30069000,LAGUNA,Green
30069000,OAK,Green
27729000,KIRKHAM,Green
27729000,SUNSET,Green
26844000,MASONIC,Yellow
26844000,PINE,Green
26844000,PRESIDIO,Green
25263000,LEAVENWORTH,Green
25263000,WASHINGTON,Green
27364000,19TH AVE,Green
27364000,KIRKHAM,Green
26034000,BRODERICK,Green
26034000,HAIGHT,Green
27284000,06TH AVE,Green
27284000,GEARY,Green
23564000,03RD ST,Green
23564000,20TH ST,Green
26748000,LOMBARD,Green
26748000,WEBSTER,Green
7038000,HOWARD,Green
7038000,MIDBLOCK AT,Green
7038000,03RD ST,Green
7038000,04TH ST,Green
24610000,MISSION,Green
24610000,NEW MONTGOMERY,Green
22341000,BURNETT,Green
22341000,CLIPPER,Red
22341000,PORTOLA,Green
20460000,03RD ST,Green
20460000,JAMESTOWN,Green
26056000,DIVISADERO,Green
26056000,GROVE,Green
25026000,STOCKTON,Green
25026000,WASHINGTON,Green
33570000,ARGENT,Green
33570000,MARKET,Green
26827000,BAKER,Green
26827000,CALIFORNIA,Green
24673000,FRONT,Green
24673000,PINE,Green
24241000,13TH ST,Green
24241000,SOUTH VAN NESS,Green
24241000,US 101 ON RAMP,Green
26532000,BUCHANAN,Green
26532000,PINE,Green
27302000,11TH AVE,Green
27302000,GEARY,Green
24510000,02ND ST,Green
24510000,HARRISON,Green
24514000,FOLSOM,Yellow
24514000,HAWTHORNE,Green
25953000,FILLMORE,Green
25953000,HAYES,Green
24168000,16TH ST,Green
24168000,CAPP,Green
20457000,03RD ST,Green
20457000,EGBERT,Green
28173000,FELTON,Green
28173000,SAN BRUNO,Green
26420000,CLAYTON,Green
26420000,FELL,Green
27377000,20TH AVE,Green
27377000,LINCOLN,Green
27569000,CALIFORNIA,Green
27569000,CHERRY,Red
27569000,JORDAN,Green
26490000,EDDY,Green
26490000,GOUGH,Green
22222000,BRIGHTON,Green
22222000,OCEAN,Green
26538000,CLAY,Green
26538000,FRANKLIN,Green
23798000,04TH ST,Green
23798000,KING,Green
26811000,BAKER,Green
26811000,GEARY,Green
26811000,SAINT JOSEPHS,Green
24431000,GOLDEN GATE,Green
24431000,HYDE,Green
25148000,EDDY,Green
25148000,LARKIN,Green
23941000,06TH ST,Green
23941000,FOLSOM,Green
21173000,CESAR CHAVEZ,Green
21173000,HARRISON,Green
25942000,GOLDEN GATE,Green
25942000,GOUGH,Green
20502000,03RD ST,Green
20502000,THOMAS,Green
20502000,THORNTON,Green
22460000,ALEMANY,Green
22460000,REGENT,Red
22460000,SAN JOSE,Red
22460000,US I-280 ON RAMP,Green
23567000,03RD ST,Yellow
23567000,19TH ST,Green
24302000,08TH ST,Green
24302000,NATOMA,Green
24335000,15TH ST,Green
24335000,FOLSOM,Green
24434000,GROVE,Green
24434000,LARKIN,Green
26641000,CALIFORNIA,Green
26641000,SCOTT,Green
24563000,01ST ST,Green
24563000,MISSION,Green
27444000,FULTON,Green
27444000,PARK PRESIDIO,Green
25465000,COLUMBUS,Green
25465000,LOMBARD,Red
25465000,NEWELL,Green
23963000,23RD ST,Green
23963000,POTRERO,Green
24595000,HAWTHORNE,Green
24595000,HOWARD,Green
20427000,ESQUINA,Green
20427000,GENEVA,Green
27258000,08TH AVE,Green
27258000,FULTON,Green
26348000,ASHBURY,Green
26348000,FELL,Green
26552000,VALLEJO,Green
26552000,VAN NESS,Green
30710000,COLUMBUS,Green
30710000,FILBERT,Green
21426000,GENEVA,Green
21426000,NAPLES,Green
24294000,06TH ST,Green
24294000,JESSIE,Green
20657000,03RD ST,Green
20657000,PERRY,Green
25623000,22ND ST,Green
25623000,GUERRERO,Green
25677000,18TH ST,Green
25677000,GUERRERO,Green
27562000,ARGUELLO,Green
27562000,EUCLID,Green
21522000,ALEMANY,Green
21522000,HURON,Green
21522000,OTTAWA,Green
32856000,JOHN F KENNEDY,Green
32856000,STANYAN,Green
27501000,18TH AVE,Yellow
27501000,GEARY,Green
26802000,DIVISADERO,Green
26802000,O'FARRELL,Green
21835000,APPLETON,Green
21835000,MISSION,Green
26758000,BEACH,Green
26758000,BUCHANAN,Red
26758000,MARINA,Green
27527000,28TH AVE,Green
27527000,FULTON,Green
34161000,03RD ST,Green
34161000,MISSION BAY SOUTH,Green
26751000,FILLMORE,Green
26751000,LOMBARD,Green
27287000,07TH AVE,Green
27287000,CLEMENT,Green
24949000,BUSH,Green
24949000,MASON,Green
24248000,10TH ST,Green
24248000,HOWARD,Green
26546000,GOUGH,Green
26546000,JACKSON,Green
25744000,24TH ST,Green
25744000,CASTRO,Green
30746000,10TH ST,Green
30746000,FELL,Green
30746000,MARKET,Green
30746000,POLK,Green
20491000,03RD ST,Green
20491000,LANE,Green
20491000,YOSEMITE,Green
26908000,COLLINS,Green
26908000,GEARY,Green
24560000,FREMONT,Green
24560000,MISSION,Green
21337000,FAIR,Green
21337000,MISSION,Green
21337000,VALENCIA,Green
24390000,GOUGH,Green
24390000,MCCOPPIN,Green
24390000,OTIS,Green
30729000,BEALE,Green
30729000,DAVIS,Green
30729000,MARKET,Green
30729000,PINE,Green
24018000,16TH ST,Green
24018000,UTAH,Green
24228000,13TH ST,Green
24228000,HARRISON,Green
25255000,HYDE,Green
25255000,SACRAMENTO,Green
27365000,18TH AVE,Green
27365000,JUDAH,Green
24291000,07TH ST,Green
24291000,MINNA,Green
24463000,GOLDEN GATE,Green
24463000,POLK,Green
23607000,FOLSOM,Green
23607000,SPEAR,Green
20465000,03RD ST,Green
20465000,US 101 OFF RAMP,Green
26607000,FILLMORE,Green
26607000,SUTTER,Green
24358000,12TH ST,Green
24358000,MISSION,Green
24358000,OTIS,Green
24358000,SOUTH VAN NESS,Green
25442000,COLUMBUS,Green
25442000,GREENWICH,Green
25442000,MASON,Green
24895000,CYRIL MAGNIN,Green
24895000,ELLIS,Green
27286000,06TH AVE,Green
27286000,CLEMENT,Green
19999000,OWENS,Green
19999000,MIDBLOCK AT,Green
19999000,UCSF GARAGE,Green
23807000,03RD ST,Green
23807000,TOWNSEND,Green
27285000,07TH AVE,Green
27285000,GEARY,Green
24201000,08TH ST,Green
24201000,FWY EXIT,Green
24201000,HARRISON,Green
23161000,19TH AVE,Green
23161000,ULLOA,Green
25204000,BUSH,Yellow
25204000,LARKIN,Green
24440000,GOLDEN GATE,Green
24440000,LARKIN,Green
24462000,MCALLISTER,Green
24462000,POLK,Green
33209000,BAYSHORE,Green
33209000,HESTER,Green
23907000,04TH ST,Green
23907000,CLARA,Green
21552000,ACTON,Green
21552000,MISSION,Red
21552000,SICKLES,Green
25156000,HYDE,Green
25156000,POST,Green
23383000,SUNSET,Green
23383000,ULLOA,Green
20234000,03RD ST,Green
20234000,BURKE,Green
25089000,PINE,Green
25089000,TAYLOR,Green
24436000,HAYES,Green
24436000,POLK,Green
50158000,EMBARCADERO,Green
50158000,GREEN,Green
25486000,JEFFERSON,Green
25486000,MASON,Green
20504000,03RD ST,Green
20504000,LANE,Green
20504000,VAN DYKE,Green
20504000,WILLIAMS,Green
24586000,FOLSOM,Green
24586000,MABINI,Green
27839000,29TH AVE,Green
27839000,GEARY,Green
26053000,DIVISADERO,Green
26053000,HAYES,Green
23889000,05TH ST,Green
23889000,BRYANT,Green
23889000,US I-80 ON RAMP,Green
24115000,22ND ST,Green
24115000,VALENCIA,Green
24054000,17TH ST,Green
24054000,HARRISON,Green
24467000,FRANKLIN,Green
24467000,MCALLISTER,Green
26036000,BRODERICK,Yellow
26036000,OAK,Green
23937000,05TH ST,Green
23937000,FOLSOM,Green
26551000,GREEN,Green
26551000,VAN NESS,Green
25671000,20TH ST,Green
25671000,GUERRERO,Green
24979000,PINE,Green
24979000,STOCKTON,Green
24378000,14TH ST,Green
24378000,VALENCIA,Green
24898000,MARKET,Green
24898000,MASON,Red
24898000,TURK,Green
25591000,BEACH,Green
25591000,TAYLOR,Green
26643000,DIVISADERO,Green
26643000,PINE,Green
21827000,MISSION,Green
21827000,RICHLAND,Green
24678000,MONTGOMERY,Green
24678000,SUTTER,Green
33636000,ALEMANY,Green
33636000,CONGDON,Red
33636000,JUSTIN,Green
25332000,COLUMBUS,Green
25332000,TRACY,Green
25332000,VALLEJO,Green
25163000,HYDE,Green
25163000,SUTTER,Green
23650000,18TH ST,Green
23650000,MINNESOTA,Green
33625000,LYON,Green
33625000,MARINA,Green
33625000,OLD MASON,Green
26695000,CHESTNUT,Green
26695000,VAN NESS,Green
24019000,MARIPOSA,Green
24019000,POTRERO,Green
26353000,BAKER,Green
26353000,FULTON,Green
33411000,JUNIPERO SERRA,Green
33411000,MERCEDES,Red
33411000,WINSTON,Green
26715000,GOUGH,Yellow
26715000,LOMBARD,Green
26634000,PIERCE,Green
26634000,PINE,Green
24571000,DRUMM,Green
24571000,WASHINGTON,Green
26943000,CALIFORNIA,Green
26943000,SPRUCE,Green
24570000,BROADWAY,Green
24570000,EMBARCADERO,Green
25914000,FELL,Green
25914000,OCTAVIA,Green
25603000,24TH ST,Green
25603000,GUERRERO,Green
26502000,GOUGH,Green
26502000,SUTTER,Green
27890000,36TH AVE,Green
27890000,GEARY,Green
23313000,OCEAN,Green
23313000,SUNSET,Green
23633000,CESAR CHAVEZ,Green
23633000,CONNECTICUT,Green
26528000,OCTAVIA,Green
26528000,PINE,Green
27697000,NORIEGA,Green
27697000,SUNSET,Green
23781000,16TH ST,Green
23781000,SAN BRUNO,Green
25138000,EDDY,Green
25138000,HYDE,Green
33738000,LAKE MERCED,Green
33738000,LAKE MERCED HILL,Green
22554000,BROTHERHOOD,Green
22554000,CHUMASERO,Green
22554000,THOMAS MORE,Green
24134000,17TH ST,Green
24134000,FOLSOM,Green
24496000,BEALE,Green
24496000,FOLSOM,Green
27707000,LAWTON,Green
27707000,SUNSET,Green
27462000,18TH AVE,Green
27462000,FULTON,Green
25088000,CALIFORNIA,Green
25088000,TAYLOR,Green
24934000,LEAVENWORTH,Green
24934000,TURK,Green
26553000,FRANKLIN,Green
26553000,VALLEJO,Green
24506000,BEALE,Yellow
24506000,HOWARD,Green
26042000,FULTON,Green
26042000,STEINER,Green
12553111,EMBARCADERO,Green
12553111,MIDBLOCK AT,Green
12553111,FERRY BUILDING,Green
12553111,WASHINGTON,Green
27232000,ARGUELLO,Green
27232000,CLEMENT,Green
25225000,CALIFORNIA,Green
25225000,VAN NESS,Green
21755000,ALEMANY,Green
21755000,OCEAN,Green
20313000,BAYSHORE,Green
20313000,LELAND,Green
25712000,18TH ST,Green
25712000,CHURCH,Green
25968000,FILLMORE,Green
25968000,MCALLISTER,Green
26592000,FILLMORE,Green
26592000,POST,Green
26409000,CLAYTON,Green
26409000,HAIGHT,Green
25184000,TURK,Green
25184000,VAN NESS,Green
21768000,EXCELSIOR,Green
21768000,MISSION,Green
24685000,CALIFORNIA,Green
24685000,SANSOME,Green
26587000,GEARY,Green
26587000,WEBSTER,Green
26909000,BLAKE,Green
26909000,GEARY,Green
33708000,BROTHERHOOD,Green
33708000,CHURCH PARKING LOT (655),Green
27229000,GEARY,Green
27229000,PALM,Green
24331000,FULTON,Green
24331000,HYDE,Green
26999000,FRANCISCO,Green
26999000,RICHARDSON,Green
30039000,BROADWAY,Green
30039000,SANSOME,Green
25049000,JACKSON,Green
25049000,POWELL,Green
23872000,08TH ST,Green
23872000,BRANNAN,Green
23075000,19TH AVE,Yellow
23075000,ROSSMOOR,Green
23075000,STONESTOWN,Green
24758000,COLUMBUS,Green
24758000,MONTGOMERY,Red
24758000,WASHINGTON,Green
24960000,GEARY,Green
24960000,JONES,Green
12562101,EMBARCADERO,Green
12562101,MIDBLOCK AT,Red
12562101,PIER 39,Green
24933000,HYDE,Green
24933000,TURK,Green
24720000,KEARNY,Green
24720000,SUTTER,Green
26045000,GOLDEN GATE,Green
26045000,STEINER,Green
22128000,SAN JOSE,Green
22128000,SANTA ROSA,Green
30735000,MARKET,Green
30735000,MONTGOMERY,Green
30735000,NEW MONTGOMERY,Green
30735000,POST,Green
33540000,BROTHERHOOD,Green
33540000,LAKE MERCED,Green
26598000,BUSH,Green
26598000,WEBSTER,Green
21743000,MISSION,Green
21743000,OCEAN,Green
24766000,COLUMBUS,Green
24766000,JACKSON,Green
24919000,MASON,Green
24919000,POST,Green
25196000,FRANKLIN,Green
25196000,O'FARRELL,Green
25196000,STARR KING,Green
26199000,CARMEL,Green
26199000,CLAYTON,Green
26199000,TWIN PEAKS,Green
24904000,O'FARRELL,Green
24904000,POWELL,Green
25726000,16TH ST,Green
25726000,CHURCH,Green
25614000,24TH ST,Yellow
25614000,DOLORES,Green
26050000,DIVISADERO,Green
26050000,FELL,Green
22053000,ALEMANY,Green
22053000,SENECA,Green
22095000,DELANO,Green
22095000,GENEVA,Green
24734000,MONTGOMERY,Green
24734000,SACRAMENTO,Green
25829000,DOUGLASS,Green
25829000,MARKET,Green
23775000,16TH ST,Green
23775000,KANSAS,Green
27301000,10TH AVE,Green
27301000,GEARY,Green
26486000,STANYAN,Green
26486000,TURK,Green
25869000,BUCHANAN,Green
25869000,HAIGHT,Green
26600000,SUTTER,Green
26600000,WEBSTER,Green
24968000,BUSH,Green
24968000,JONES,Green
26544000,FRANKLIN,Green
26544000,JACKSON,Green
24543000,02ND ST,Green
24543000,NATOMA,Green
27628000,LAKE,Green
27628000,PARK PRESIDIO,Green
33375000,DIAMOND,Green
33375000,MONTEREY,Green
6436205,GREAT HWY,Green
6436205,PACHECO,Green
27737000,IRVING,Green
27737000,SUNSET,Green
26930000,GEARY,Green
26930000,PARKER,Green
26302000,PARNASSUS,Green
26302000,STANYAN,Green
24313000,09TH ST,Green
24313000,MISSION,Green
27611000,12TH AVE,Green
27611000,CALIFORNIA,Green
27978000,FULTON,Green
27978000,LA PLAYA,Green
24305000,09TH ST,Green
24305000,HOWARD,Green
23541000,03RD ST,Green
23541000,25TH ST,Green
26687000,FRANKLIN,Yellow
26687000,UNION,Green
23773000,16TH ST,Green
23773000,RHODE ISLAND,Green
27249000,05TH AVE,Green
27249000,GEARY,Green
21841000,30TH ST,Green
21841000,DOLORES,Green
26846000,CALIFORNIA,Green
26846000,PRESIDIO,Green
26033000,BAKER,Green
26033000,BUENA VISTA,Red
26033000,HAIGHT,Green
23978000,24TH ST,Green
23978000,HARRISON,Green
26200000,17TH ST,Green
26200000,CLAYTON,Green
26379000,FULTON,Green
26379000,MASONIC,Green
25563000,POLK,Green
25563000,UNION,Green
25167000,LARKIN,Green
25167000,POST,Green
24893000,CYRIL MAGNIN,Green
24893000,EDDY,Green
23799000,03RD ST,Green
23799000,KING,Green
26696000,LOMBARD,Green
26696000,VAN NESS,Green
22448000,IDORA,Green
22448000,WOODSIDE,Green
20250000,03RD ST,Green
20250000,MARIN,Green
20507000,03RD ST,Green
20507000,UNDERWOOD,Green
24075000,23RD ST,Green
24075000,SOUTH VAN NESS,Green
20230000,03RD ST,Green
20230000,JERROLD,Green
20230000,NEWHALL,Green
26938000,CALIFORNIA,Green
26938000,LOCUST,Green
25220000,FRANKLIN,Green
25220000,SUTTER,Green
25170000,GEARY,Green
25170000,LARKIN,Green
25966000,GOLDEN GATE,Green
25966000,WEBSTER,Green
30748000,MARKET,Yellow
30748000,SOUTH VAN NESS,Green
30748000,VAN NESS,Green
25216000,FRANKLIN,Green
25216000,POST,Green
27104000,07TH AVE,Green
27104000,LAWTON,Red
27104000,WARREN,Green
24174000,17TH ST,Green
24174000,VALENCIA,Green
24942000,O'FARRELL,Green
24942000,TAYLOR,Green
26026000,DIVISADERO,Green
26026000,HAIGHT,Green
24070000,24TH ST,Green
24070000,CAPP,Green
24534000,01ST ST,Green
24534000,NATOMA (TRANSBAY DRIVEWAY),Green
22662000,DORADO,Green
22662000,JULES,Red
22662000,OCEAN,Green
20498000,03RD ST,Green
20498000,BAYVIEW,Red
20498000,REVERE,Green
26845000,EUCLID,Green
26845000,MASONIC,Green
26436000,OAK,Green
26436000,SHRADER,Green
20223000,03RD ST,Green
20223000,KIRKWOOD,Green
20223000,NEWHALL,Green
2800102,BAYSHORE,Green
2800102,MIDBLOCK AT,Green
2800102,CORTLAND,Green
2800102,FLOWER,Green
22223000,LEE,Green
22223000,OCEAN,Green
21589000,ALEMANY,Green
21589000,SICKLES,Green
25949000,FILLMORE,Green
25949000,OAK,Green
25294000,CALIFORNIA,Green
25294000,LARKIN,Green
26642000,PINE,Yellow
26642000,SCOTT,Green
21290000,CESAR CHAVEZ,Green
21290000,SHOTWELL,Green
26376000,HAYES,Green
26376000,MASONIC,Green
24922000,06TH ST,Green
24922000,GOLDEN GATE,Green
24922000,MARKET,Green
24922000,TAYLOR,Green
25230000,LEAVENWORTH,Green
25230000,PINE,Green
23032000,19TH AVE,Green
23032000,HOLLOWAY,Green
24336000,14TH ST,Green
24336000,FOLSOM,Green
23803000,02ND ST,Green
23803000,BRANNAN,Green
30730000,FREMONT,Green
30730000,FRONT,Red
30730000,MARKET,Green
25963000,GOUGH,Green
25963000,TURK,Green
22192000,GENEVA,Green
22192000,OCEAN,Green
22192000,PHELAN,Green
24265000,07TH ST,Green
24265000,HOWARD,Green
23569000,18TH ST,Green
23569000,ILLINOIS,Green
22433000,EVELYN,Green
22433000,PORTOLA,Green
24186000,15TH ST,Green
24186000,POTRERO,Green
25057000,BROADWAY,Green
25057000,STOCKTON,Green
26816000,BRODERICK,Green
26816000,BUSH,Green
23827000,04TH ST,Green
23827000,BRANNAN,Green
21353000,DUNCAN,Green
21353000,GUERRERO,Green
30745000,09TH ST,Green
30745000,HAYES,Red
30745000,LARKIN,Green
30745000,MARKET,Green
25384000,BAY,Green
25384000,KEARNY,Green
7834201,KING,Green
7834201,MIDBLOCK AT,Green
7834201,04TH ST,Green
7834201,05TH ST,Green
26004000,14TH ST,Green
26004000,CASTRO,Green
27840000,30TH AVE,Green
27840000,GEARY,Green
23411000,RIVERA,Green
23411000,SUNSET,Green
10669201,POTRERO,Green
10669201,MIDBLOCK AT,Green
10669201,22ND ST,Green
10669201,23RD ST,Green
34166000,TERRY FRANCOIS,Green
34166000,WARRIORS,Green
21296000,26TH ST,Green
21296000,SOUTH VAN NESS,Green
34167000,04TH ST,Green
34167000,CHANNEL,Green
30758000,BUCHANAN,Green
30758000,DUBOCE,Green
30758000,MARKET,Green
26915000,CALIFORNIA,Green
26915000,WALNUT,Green
23946000,06TH ST,Green
23946000,HOWARD,Green
25301000,POLK,Green
25301000,SACRAMENTO,Green
30719000,BATTERY,Green
30719000,FILBERT,Green
30719000,LEVI PLAZA,Green
24894000,ELLIS,Green
24894000,POWELL,Green
24952000,POST,Green
24952000,TAYLOR,Green
21487000,ALEMANY,Green
21487000,NIAGARA,Green
27230000,ARGUELLO,Green
27230000,GEARY,Green
27366000,19TH AVE,Yellow
27366000,JUDAH,Green
23126000,LAKE MERCED,Green
23126000,MIDDLEFIELD,Green
23407000,SANTIAGO,Green
23407000,SUNSET,Green
24555000,MISSION,Green
24555000,SPEAR,Green
26588000,O'FARRELL,Green
26588000,WEBSTER,Green
52197000,PHELAN,Green
52197000,MIDBLOCK AT,Red
52197000,LEE EXTENSION,Green
23919000,06TH ST,Green
23919000,HARRISON,Green
24341000,15TH ST,Green
24341000,SOUTH VAN NESS,Green
26692000,GREENWICH,Green
26692000,VAN NESS,Green
24791000,COLUMBUS,Green
24791000,KEARNY,Red
24791000,PACIFIC,Green
20489000,03RD ST,Green
20489000,CARROLL,Green
25835000,14TH ST,Green
25835000,GUERRERO,Green
23655000,MARIPOSA,Green
23655000,PENNSYLVANIA,Green
23788000,16TH ST,Green
23788000,CONNECTICUT,Green
6436201,GREAT HWY,Green
6436201,VICENTE,Green
20656000,BAYSHORE,Green
20656000,SILVER,Green
23914000,BOARDMAN,Green
23914000,BRYANT,Green
27519000,25TH AVE,Green
27519000,CROSS OVER,Green
27519000,FULTON,Green
25210000,BUSH,Green
25210000,POLK,Green
26527000,LAGUNA,Green
26527000,PINE,Green
24800000,BROADWAY,Green
24800000,FRONT,Green
26796000,CERVANTES,Green
26796000,MARINA,Green
26796000,SCOTT,Green
25918000,GOUGH,Green
25918000,HAYES,Green
26633000,CALIFORNIA,Green
26633000,STEINER,Green
22840000,LAGUNA HONDA,Green
22840000,PORTOLA,Green
26737000,BUCHANAN,Green
26737000,LOMBARD,Green
33105000,CARGO,Green
33105000,MENDELL,Green
24106000,23RD ST,Green
24106000,VALENCIA,Green
22811000,MIRALOMA,Green
22811000,PORTOLA,Red
22811000,YERBA BUENA,Green
24547000,HOWARD,Green
24547000,SPEAR,Green
25703000,17TH ST,Green
25703000,DOLORES,Green
26422000,COLE,Green
26422000,FELL,Green
24468000,GOLDEN GATE,Green
24468000,VAN NESS,Green
12553101,EMBARCADERO,Green
12553101,MIDBLOCK AT,Green
12553101,FERRY BUILDING SB,Green
25577000,BAY,Green
25577000,HYDE,Green
26590000,FILLMORE,Green
26590000,GEARY (NORTH),Green
24693000,CLAY,Green
24693000,FRONT,Green
21396000,GENEVA,Green
21396000,MOSCOW,Green
21396000,SOUTH HILL,Green
24262000,07TH ST,Green
24262000,FOLSOM,Green
25922000,BUCHANAN,Green
25922000,OAK,Green
30768000,GRANT,Green
30768000,MARKET,Green
30768000,O'FARRELL,Green
23597000,BRANNAN,Green
23597000,EMBARCADERO,Green
27587000,04TH AVE,Yellow
27587000,CALIFORNIA,Green
25797000,16TH ST,Green
25797000,SANCHEZ,Green
7990201,FOREST HILL STATION,Green
7990201,LAGUNA HONDA,Green
25481000,MASON,Green
25481000,NORTH POINT,Green
33663000,ALEMANY,Green
33663000,CRESCENT,Green
33663000,PUTNAM,Green
33663000,US I-280 OFF RAMP,Green
25231000,CALIFORNIA,Green
25231000,LEAVENWORTH,Green
24597000,02ND ST,Green
24597000,MISSION,Green
23782000,04TH ST,Green
23782000,16TH ST,Green
25206000,LARKIN,Green
25206000,PINE,Green
22459000,CAPITOL,Green
22459000,SAGAMORE,Green
24097000,25TH ST,Green
24097000,VALENCIA,Green
27541000,23RD AVE,Green
27541000,GEARY,Green
30733000,MARKET,Green
30733000,SANSOME,Green
30733000,SUTTER,Green
22865000,DEWEY,Green
22865000,LAGUNA HONDA,Green
22865000,WOODSIDE,Green
24554000,BEALE,Green
24554000,MISSION,Green
27333000,19TH AVE,Green
27333000,ORTEGA,Green
12556202,EMBARCADERO,Green
12556202,MIDBLOCK AT,Green
12556202,PIER 23,Green
26039000,FELL,Green
26039000,PIERCE,Green
24158000,19TH ST,Green
24158000,VALENCIA,Green
25064000,PACIFIC,Green
25064000,POWELL,Green
24414000,10TH ST,Yellow
24414000,MISSION,Green
25592000,NORTH POINT,Green
25592000,TAYLOR,Green
25574000,HYDE,Green
25574000,NORTH POINT,Green
24119000,21ST ST,Green
24119000,VALENCIA,Green
23196000,19TH AVE,Green
23196000,SANTIAGO,Green
26350000,BAKER,Green
26350000,FELL,Green
26545000,GOUGH,Green
26545000,WASHINGTON,Green
23990000,24TH ST,Green
23990000,FOLSOM,Green
24920000,MASON,Green
24920000,SUTTER,Green
27196000,05TH AVE,Green
27196000,LINCOLN,Green
11456000,SAN JOSE,Green
11456000,MIDBLOCK AT,Green
11456000,OCEAN,Green
11456000,SENECA,Green
24055000,16TH ST,Green
24055000,HARRISON,Green
24055000,TREAT,Green
26833000,BUSH,Green
26833000,LYON,Green
54097000,CAMPUS,Green
54097000,OWENS,Green
26533000,CALIFORNIA,Green
26533000,LAGUNA,Green
27504000,19TH AVE,Green
27504000,GEARY,Green
24403000,DUBOCE,Green
24403000,VALENCIA,Green
25971000,FILLMORE,Green
25971000,GOLDEN GATE,Green
25913000,FELL,Green
25913000,LAGUNA,Green
25182000,GEARY,Green
25182000,POLK,Green
27881000,43RD AVE,Green
27881000,FULTON,Green
25364000,COLUMBUS,Green
25364000,UNION,Green
24542000,01ST ST,Yellow
24542000,MINNA (TRANSBAY DRIVEWAY),Green
27080000,04TH AVE,Green
27080000,IRVING,Green
21551000,LAWRENCE,Green
21551000,MISSION,Red
21551000,OLIVER,Green
27243000,05TH AVE,Green
27243000,BALBOA,Green
24017000,17TH ST,Green
24017000,UTAH,Green
24279000,FOLSOM,Green
24279000,RUSS,Green
24170000,16TH ST,Green
24170000,MISSION,Green
167000,03RD ST,Green
167000,MIDBLOCK AT,Green
167000,HOWARD,Green
167000,MISSION,Green
24572000,EMBARCADERO,Green
24572000,WASHINGTON,Green
30755000,MARKET,Green
30755000,VALENCIA,Green
25200000,POLK,Green
25200000,POST,Green
24675000,BATTERY,Green
24675000,CALIFORNIA,Green
23551000,03RD ST,Green
23551000,23RD ST,Green
27813000,30TH AVE,Green
27813000,FULTON,Green
25593000,JONES,Green
25593000,NORTH POINT,Green
20574000,BAYSHORE,Green
20574000,PAUL,Green
26037000,FELL,Green
26037000,FILLMORE,Green
23953000,24TH ST,Green
23953000,POTRERO,Green
22190000,GENEVA,Green
22190000,HOWTH,Green
20517000,03RD ST,Green
20517000,BANCROFT,Green
26437000,FELL,Green
26437000,SHRADER,Green
26548000,PACIFIC,Green
26548000,VAN NESS,Green
25308000,BROADWAY,Yellow
25308000,LARKIN,Green
24165000,17TH ST,Green
24165000,MISSION,Green
20298000,ARLETA,Green
20298000,BAYSHORE,Red
20298000,SAN BRUNO,Green
33512000,LAKE MERCED,Green
33512000,WINSTON,Green
21023000,BAYSHORE,Green
21023000,CORTLAND,Green
26763000,CHESTNUT,Green
26763000,FILLMORE,Green
24740000,KEARNY,Green
24740000,PINE,Green
25840000,15TH ST,Green
25840000,DOLORES,Green
21783000,ADMIRAL,Green
21783000,ALEMANY,Red
21783000,LYELL,Green
26800000,DIVISADERO,Green
26800000,ELLIS,Green
26351000,BAKER,Green
26351000,HAYES,Green
30021000,03RD ST,Green
30021000,TERRY FRANCOIS,Green
25013000,POWELL,Green
25013000,SACRAMENTO,Green
25202000,LARKIN,Green
25202000,SUTTER,Green
24285000,06TH ST,Green
24285000,MINNA,Green
24655000,GEARY,Green
24655000,GRANT,Green
25882000,14TH ST,Green
25882000,CHURCH,Green
25882000,MARKET,Green
26973000,LOMBARD,Green
26973000,SCOTT,Green
26070000,DIVISADERO,Green
26070000,GOLDEN GATE,Green
24996000,SACRAMENTO,Green
24996000,STOCKTON,Green
24707000,BATTERY,Green
24707000,PACIFIC,Green
23856000,07TH ST,Green
23856000,BRANNAN,Green
21837000,DOLORES,Yellow
21837000,RANDALL,Green
21837000,SAN JOSE,Green
21897000,CESAR CHAVEZ,Green
21897000,GUERRERO,Green
24126000,18TH ST,Green
24126000,FOLSOM,Green
27853000,32ND AVE,Green
27853000,GEARY,Green
21345000,CESAR CHAVEZ,Green
21345000,VALENCIA,Green
51153000,BROTHERHOOD,Green
51153000,ST CHARLES,Green
26521000,BUSH,Green
26521000,OCTAVIA,Green
26327000,LYON,Green
26327000,OAK,Green
50361000,BUCHANAN,Green
50361000,POST,Green
24980000,CALIFORNIA,Green
24980000,STOCKTON,Green
25830000,EUREKA,Green
25830000,MARKET,Green
25857000,HAIGHT,Green
25857000,OCTAVIA,Green
25316000,PACIFIC,Green
25316000,POLK,Green
27966000,GREAT HWY,Green
27966000,JOHN F KENNEDY,Green
27599000,08TH AVE,Green
27599000,CALIFORNIA,Green
26031000,DIVISADERO,Green
26031000,OAK,Green
25679000,20TH ST,Green
25679000,DOLORES,Green
24129000,19TH ST,Green
24129000,SOUTH VAN NESS,Green
23821000,04TH ST,Green
23821000,TOWNSEND,Green
20730000,CESAR CHAVEZ,Green
20730000,EVANS,Green
23601000,BRYANT,Green
23601000,EMBARCADERO,Green
25147000,LARKIN,Green
25147000,TURK,Green
26591000,POST,Green
26591000,WEBSTER,Green
26632000,BUSH,Green
26632000,PIERCE,Green
27500000,17TH AVE,Yellow
27500000,GEARY,Green
25690000,17TH ST,Green
25690000,GUERRERO,Green
25974000,EDDY,Green
25974000,WEBSTER,Green
24795000,BROADWAY,Green
24795000,KEARNY,Green
26492000,ELLIS,Green
26492000,GOUGH,Green
22661000,ASHTON,Green
22661000,OCEAN,Green
26840000,BUSH,Green
26840000,EUCLID,Red
26840000,PRESIDIO,Green
20659000,03RD ST,Green
20659000,OAKDALE,Green
20227000,03RD ST,Green
20227000,HUDSON,Green
20224000,03RD ST,Green
20224000,LA SALLE,Green
27741000,34TH AVE,Green
27741000,LINCOLN,Green
30044000,MARKET,Green
30044000,MIDBLOCK AT,Red
30044000,UN PLAZA,Green
20466000,03RD ST,Green
20466000,KEY,Green
24568000,CALIFORNIA,Green
24568000,DAVIS,Green
20229000,03RD ST,Green
20229000,INNES,Green
20229000,NEWHALL,Green
27231000,02ND AVE,Green
27231000,GEARY,Green
24935000,EDDY,Green
24935000,LEAVENWORTH,Green
33541000,FONT,Green
33541000,LAKE MERCED,Green
2428700,HOWARD,Green
2428700,RUSS,Green
23971000,22ND ST,Green
23971000,BRYANT,Green
33705000,LAKE MERCED,Green
33705000,SOUTH STATE,Green
23834000,04TH ST,Green
23834000,BRYANT,Green
23834000,US I-80 OFF RAMP,Green
27335000,19TH AVE,Green
27335000,NORIEGA,Green
25166000,GEARY,Green
25166000,HYDE,Green
24515000,HARRISON,Green
24515000,HAWTHORNE,Green
25940000,FULTON,Green
25940000,GOUGH,Green
54091000,03RD ST,Green
54091000,CAMPUS,Green
23378000,SUNSET,Green
23378000,VICENTE,Green
26555000,BROADWAY,Green
26555000,FRANKLIN,Green
27255000,06TH AVE,Green
27255000,FULTON,Green
24128000,20TH ST,Green
24128000,SOUTH VAN NESS,Green
25617000,23RD ST,Green
25617000,DOLORES,Green
23754000,16TH ST,Green
23754000,DE HARO,Green
26621000,DIVISADERO,Green
26621000,GEARY,Green
21340000,MISSION,Green
21340000,PRECITA,Green
23578000,03RD ST,Green
23578000,16TH ST,Green
25302000,CLAY,Green
25302000,POLK,Green
24691000,FRONT,Green
24691000,SACRAMENTO,Green
24457000,FELL,Green
24457000,FRANKLIN,Green
24349000,13TH ST,Green
24349000,FOLSOM,Green
26524000,BUCHANAN,Green
26524000,SUTTER,Green
27271000,06TH AVE,Green
27271000,BALBOA,Green
22790000,OCEAN,Green
22790000,SAN LEANDRO,Green
20471000,03RD ST,Green
20471000,HOLLISTER,Green
26920000,CALIFORNIA,Green
26920000,LAUREL,Green
12554101,EMBARCADERO,Green
12554101,MIDBLOCK AT,Green
12554101,BROADWAY,Green
12554101,WASHINGTON,Green
27607000,10TH AVE,Green
27607000,CALIFORNIA,Green
24923000,JONES,Green
24923000,TURK,Green
27225000,ANZA,Green
27225000,ARGUELLO,Green
24552000,MISSION,Green
24552000,STEUART,Green
26821000,DIVISADERO,Green
26821000,SACRAMENTO,Green
24001000,20TH ST,Green
24001000,POTRERO,Green
24189000,ALAMEDA,Green
24189000,POTRERO,Green
24333000,HYDE,Green
24333000,MCALLISTER,Green
26567000,GOUGH,Green
26567000,PACIFIC,Green
21812000,CIRCULAR,Green
21812000,MONTEREY,Red
21812000,US I-280 ON/OFF RAMPS,Green
21744000,MISSION,Green
21744000,PERSIA,Green
24925000,EDDY,Green
24925000,TAYLOR,Green
24770000,CLAY,Green
24770000,KEARNY,Green
33539000,JOHN MUIR,Green
33539000,LAKE MERCED,Green
24924000,TAYLOR,Green
24924000,TURK,Green
23536000,03RD ST,Green
23536000,26TH ST,Green
26505000,LAGUNA,Green
26505000,POST,Green
24353000,11TH ST,Green
24353000,HOWARD,Green
25221000,CALIFORNIA,Green
25221000,POLK,Green
30045000,CHARLES J BRENHAM,Green
30045000,MCALLISTER,Green
30050000,CLAY,Green
30050000,DAVIS,Green
25939000,GOUGH,Green
25939000,GROVE,Green
24965000,JONES,Yellow
24965000,POST,Green
25215000,POST,Green
25215000,VAN NESS,Red
25215000,5",Green
24000000,21ST ST,Green
24000000,POTRERO,Green
24198000,09TH ST,Green
24198000,BRYANT,Red
24198000,US 101 N OFF RAMP,Green
27538000,22ND AVE,Green
27538000,GEARY,Green
2864000,BEALE,Green
2864000,NATOMA (TRANSBAY DRIVEWAY),Green
25706000,16TH ST,Green
25706000,DOLORES,Green
26346000,ASHBURY,Green
26346000,OAK,Green
22921000,CLAREMONT,Green
22921000,PORTOLA,Green
27372000,19TH AVE,Green
27372000,IRVING,Green
25468000,CHESTNUT,Green
25468000,COLUMBUS,Red
25468000,TAYLOR,Green
25226000,PINE,Green
25226000,VAN NESS,Green
24524000,ESSEX,Green
24524000,FOLSOM,Green
26038000,FELL,Green
26038000,STEINER,Green
26076000,DIVISADERO,Green
26076000,EDDY,Green
24311000,08TH ST,Green
24311000,MISSION,Green
33719000,20TH AVE,Green
33719000,WINSTON,Green
24724000,BUSH,Green
24724000,KEARNY,Green
22744000,OCEAN,Green
22744000,VICTORIA,Green
26057000,DIVISADERO,Green
26057000,FULTON,Green
23887000,05TH ST,Green
23887000,BRANNAN,Green
27087000,06TH AVE,Green
27087000,LINCOLN,Green
26693000,FRANKLIN,Yellow
26693000,GREENWICH,Green
22628000,CAPITOL,Green
22628000,OCEAN,Green
26706000,FRANCISCO,Green
26706000,VAN NESS,Green
21304000,CESAR CHAVEZ,Green
21304000,MISSION,Green
21750000,ALEMANY,Green
21750000,ONONDAGA,Green
20238000,03RD ST,Green
20238000,FAIRFAX,Green
26106000,GLENDALE,Green
26106000,MARKET,Green
27557000,27TH AVE,Green
27557000,GEARY,Green
26504000,BUSH,Green
26504000,GOUGH,Green
24421000,11TH ST,Green
24421000,MISSION,Green
24819000,BATTERY,Green
24819000,EMBARCADERO,Red
24819000,LOMBARD,Green
20299000,BAYSHORE,Green
20299000,BLANKEN,Green
24540000,02ND ST,Green
24540000,HOWARD,Green
26608000,BUSH,Green
26608000,FILLMORE,Green
24674000,CALIFORNIA,Green
24674000,FRONT,Green
26842000,LYON,Green
26842000,PINE,Green
21502000,LOWELL,Green
21502000,MISSION,Green
21502000,NAGLEE,Green
23202000,19TH AVE,Green
23202000,RIVERA,Green
52189000,PHELAN,Green
52189000,PHELAN LOOP,Green
24959000,JONES,Green
24959000,SUTTER,Green
24941000,GEARY,Green
24941000,TAYLOR,Green
26427000,FREDERICK,Green
26427000,STANYAN,Green
25480000,NORTH POINT,Green
25480000,POWELL,Green
25485000,BEACH,Yellow
25485000,MASON,Green
24459000,GROVE,Green
24459000,VAN NESS,Green
21517000,ALEMANY,Green
21517000,MOUNT VERNON,Green
26976000,BRODERICK,Green
26976000,LOMBARD,Red
26976000,RICHARDSON,Green
27520000,25TH AVE,Green
27520000,CABRILLO,Green
26554000,FRANKLIN,Green
26554000,GREEN,Green
26047000,PIERCE,Green
26047000,TURK,Green
24911000,BUSH,Green
24911000,STOCKTON,Green
25589000,LARKIN,Green
25589000,NORTH POINT,Green
26048000,STEINER,Green
26048000,TURK,Green
33434000,ALEMANY,Green
33434000,BROTHERHOOD,Green
23952000,25TH ST,Green
23952000,POTRERO,Green
21444000,GENEVA,Green
21444000,PARIS,Green
24679000,BUSH,Green
24679000,SANSOME,Green
27472000,BALBOA,Green
27472000,PARK PRESIDIO,Green
23938000,04TH ST,Green
23938000,FOLSOM,Green
24760000,PACIFIC,Green
24760000,SANSOME,Green
23800000,02ND ST,Green
23800000,TOWNSEND,Green
20485000,03RD ST,Green
20485000,WALLACE,Green
25824000,15TH ST,Green
25824000,CASTRO,Green
26077000,DIVISADERO,Green
26077000,TURK,Green
25958000,FULTON,Green
25958000,LAGUNA,Green
21703000,MISSION,Green
21703000,TRUMBULL,Green
25701000,15TH ST,Green
25701000,GUERRERO,Green
25157000,LEAVENWORTH,Yellow
25157000,POST,Green
24905000,CYRIL MAGNIN,Green
24905000,O'FARRELL,Green
24749000,GRANT,Green
24749000,SACRAMENTO,Green
24081000,22ND ST,Green
24081000,SOUTH VAN NESS,Green
23787000,16TH ST,Green
23787000,MISSOURI,Green
22049000,MISSION,Green
22049000,SENECA,Green
23592000,EMBARCADERO,Green
23592000,KING,Green
23592000,TOWNSEND,Green
23592000,PIER 40,Green
34155000,03RD ST,Green
34155000,CHANNEL,Green
23831000,03RD ST,Green
23831000,BRYANT,Green
26030000,FELL,Green
26030000,SCOTT,Green
26605000,CALIFORNIA,Green
26605000,WEBSTER,Green
25410000,BAY,Green
25410000,STOCKTON,Green
4971000,DRUMM,Green
4971000,MIDBLOCK AT,Green
4971000,CLAY,Green
4971000,SACRAMENTO,Green
24171000,15TH ST,Green
24171000,MISSION,Green
27854000,33RD AVE,Green
27854000,GEARY,Green
25898000,HAIGHT,Green
25898000,WEBSTER,Green
25583000,BAY,Green
25583000,LARKIN,Green
30049000,CALIFORNIA,Green
30049000,DRUMM,Green
26539000,FRANKLIN,Green
26539000,WASHINGTON,Green
33364000,CESAR CHAVEZ,Green
33364000,SOUTH VAN NESS,Green
33027000,13TH ST,Green
33027000,DUBOCE,Green
33027000,MISSION,Green
33027000,OTIS,Green
21772000,ALEMANY,Green
21772000,SANTA ROSA,Green
25684000,18TH ST,Green
25684000,DOLORES,Green
23944000,05TH ST,Green
23944000,HOWARD,Green
24077000,22ND ST,Green
24077000,FOLSOM,Green
26392000,MASONIC,Green
26392000,TURK,Red
26392000,5",Green
24958000,SUTTER,Green
24958000,TAYLOR,Green
26377000,GROVE,Green
26377000,MASONIC,Green
26347000,FELL,Green
26347000,MASONIC,Green
25814000,17TH ST,Green
25814000,CASTRO,Red
25814000,MARKET,Green
22193000,HOWTH,Green
22193000,OCEAN,Green
25475000,BEACH,Green
25475000,EMBARCADERO,Green
25475000,GRANT,Green
26974000,DIVISADERO,Green
26974000,LOMBARD,Green
27183000,KEZAR,Green
27183000,MARTIN LUTHER KING JR,Green
25032000,GRANT,Green
25032000,PACIFIC,Green
33718000,19TH AVE,Green
33718000,WINSTON,Green
24716000,BUSH,Green
24716000,MONTGOMERY,Green
24429000,08TH ST,Green
24429000,GROVE,Green
24429000,HYDE,Green
24429000,MARKET,Green
26585000,ELLIS,Green
26585000,WEBSTER,Green
27149000,07TH AVE,Yellow
27149000,IRVING,Green
24522000,01ST ST,Green
24522000,FOLSOM,Green
27304000,12TH AVE,Green
27304000,GEARY,Green
26629000,BUSH,Green
26629000,STEINER,Green
25804000,16TH ST,Green
25804000,MARKET,Red
25804000,NOE,Green
23572000,03RD ST,Green
23572000,MARIPOSA,Green
26340000,CENTRAL,Green
26340000,HAIGHT,Green
27555000,25TH AVE,Green
27555000,CLEMENT,Green
30741000,JONES,Green
30741000,MARKET,Red
30741000,MCALLISTER,Green
24113000,21ST ST,Green
24113000,MISSION,Green
22449000,HERNANDEZ,Green
22449000,WOODSIDE,Green
20473000,03RD ST,Green
20473000,INGERSON,Green
25165000,BUSH,Green
25165000,LEAVENWORTH,Green
23784000,16TH ST,Green
23784000,OWENS,Green
24044000,17TH ST,Green
24044000,BRYANT,Green
21379000,GENEVA,Green
21379000,PRAGUE,Green
24246000,09TH ST,Green
24246000,FOLSOM,Green
24448000,FELL,Green
24448000,VAN NESS,Green
25234000,HYDE,Green
25234000,PINE,Green
9095000,MISSION,Green
9095000,MIDBLOCK AT,Green
9095000,03RD ST,Green
9095000,04TH ST,Green
52238000,OCEAN,Green
52238000,ON RAMP I-280,Green
23555000,03RD ST,Yellow
23555000,22ND ST,Green
23421000,PACHECO,Green
23421000,SUNSET,Green
25335000,STOCKTON,Green
25335000,VALLEJO,Green
26501000,GOUGH,Green
26501000,POST,Green
26843000,CALIFORNIA,Green
26843000,LYON,Green
33158000,BACON,Green
33158000,BAYSHORE,Green
33158000,EGBERT,Green
33158000,PHELPS,Green
25227000,FRANKLIN,Green
25227000,PINE,Green
26709000,GOUGH,Green
26709000,UNION,Green
27486000,15TH AVE,Green
27486000,GEARY,Green
27484000,CLEMENT,Green
27484000,PARK PRESIDIO,Green
26818000,CALIFORNIA,Green
26818000,DIVISADERO,Green
24233000,10TH ST,Green
24233000,FOLSOM,Green
26079000,BRODERICK,Green
26079000,TURK,Green
27143000,07TH AVE,Green
27143000,JUDAH,Green
3241201,BROTHERHOOD,Green
3241201,SUMMIT,Green
6436203,GREAT HWY,Green
6436203,RIVERA,Green
24929000,EDDY,Green
24929000,JONES,Green
24548000,HOWARD,Green
24548000,STEUART,Green
26005000,CASTRO,Green
26005000,DUBOCE,Green
30756000,MARKET,Green
30756000,OCTAVIA,Green
30756000,OCTAVIA RAMPS,Green
30756000,8",Green
23796000,03RD ST,Green
23796000,BERRY,Green
25573000,COLUMBUS,Yellow
25573000,LEAVENWORTH,Green
25573000,NORTH POINT,Green
23779000,16TH ST,Green
23779000,VERMONT,Green
25164000,LEAVENWORTH,Green
25164000,SUTTER,Green
25860000,DUBOCE,Green
25860000,GUERRERO,Green
26508000,CALIFORNIA,Green
26508000,GOUGH,Green
26531000,BUCHANAN,Green
26531000,BUSH,Green
25154000,GEARY,Green
25154000,LEAVENWORTH,Green
22757000,APTOS,Green
22757000,OCEAN,Green
27510000,22ND AVE,Green
27510000,FULTON,Green
21175000,BESSIE,Green
21175000,FOLSOM,Red
21175000,PRECITA,Green
26074000,SCOTT,Green
26074000,TURK,Green
25144000,ELLIS,Green
25144000,HYDE,Green
25252000,CALIFORNIA,Green
25252000,HYDE,Green
33776000,BRYANT,Green
33776000,MAIN,Green
24901000,GEARY,Green
24901000,STOCKTON,Green
30726000,MARKET,Green
30726000,SPEAR,Green
25352000,COLUMBUS,Green
25352000,GREEN,Green
25352000,STOCKTON,Green
26489000,ELLIS,Green
26489000,FRANKLIN,Green
25964000,EDDY,Green
25964000,LAGUNA,Green
24726000,MONTGOMERY,Green
24726000,PINE,Green
22052000,ALEMANY,Green
22052000,GENEVA,Green
24144000,20TH ST,Green
24144000,MISSION,Green
20992000,CAMBRIDGE,Yellow
20992000,SILVER,Green
33269000,03RD ST,Green
33269000,MENDELL,Red
33269000,PALOU,Green
20660000,03RD ST,Green
20660000,NEWCOMB,Green
24138000,16TH ST,Green
24138000,FOLSOM,Green
30070000,OAK,Green
30070000,OCTAVIA,Green
12547101,EMBARCADERO,Green
12547101,MIDBLOCK AT,Green
12547101,BRANNAN,Green
12547101,TOWNSEND,Green
27262000,10TH AVE,Green
27262000,FULTON,Green
26319000,BAKER,Green
26319000,OAK,Green
25484000,EMBARCADERO,Green
25484000,JEFFERSON,Red
25484000,POWELL,Green
25827000,DIAMOND,Green
25827000,MARKET,Green
27821000,33RD AVE,Green
27821000,FULTON,Green
25972000,TURK,Green
25972000,WEBSTER,Green
25909000,OCTAVIA,Green
25909000,PAGE,Green
21773000,MISSION,Green
21773000,SANTA ROSA,Green
20213000,03RD ST,Green
20213000,MCKINNON,Green
24871000,CHESTNUT,Green
24871000,EMBARCADERO,Green
24871000,SANSOME,Green
26759000,LAGUNA,Green
26759000,MARINA,Green
26029000,DIVISADERO,Green
26029000,PAGE,Green
23183000,19TH AVE,Green
23183000,TARAVAL,Green
24132000,18TH ST,Green
24132000,SOUTH VAN NESS,Green
21177000,CESAR CHAVEZ,Yellow
21177000,FOLSOM,Green
25315000,BROADWAY,Green
25315000,POLK,Green
24892000,04TH ST,Green
24892000,ELLIS,Green
24892000,MARKET,Green
24892000,STOCKTON,Green
25723000,17TH ST,Green
25723000,CHURCH,Green
30770000,CLAY,Green
30770000,GRANT,Green
25596000,JEFFERSON,Green
25596000,JONES,Green
21541000,MISSION,Green
21541000,MORSE,Red
21541000,WHITTIER,Green
26466000,CHABOT,Green
26466000,TURK,Green
5871000,FRONT,Green
5871000,MIDBLOCK AT,Green
5871000,CLAY,Green
5871000,SACRAMENTO,Green
27487000,16TH AVE,Green
27487000,GEARY,Green
25698000,16TH ST,Green
25698000,GUERRERO,Green
25321000,BROADWAY,Green
25321000,COLUMBUS,Green
25321000,GRANT,Green
24644000,KEARNY,Green
24644000,POST,Green
26025000,HAIGHT,Green
26025000,SCOTT,Green
26764000,BAY,Green
26764000,CERVANTES,Green
26764000,FILLMORE,Green
24696000,BATTERY,Green
24696000,JACKSON,Green
26722000,LAGUNA,Green
26722000,LOMBARD,Green
27553000,25TH AVE,Green
27553000,GEARY,Green
24101000,24TH ST,Yellow
24101000,VALENCIA,Green
26609000,FILLMORE,Green
26609000,PINE,Green
30753000,GOUGH,Green
30753000,HAIGHT,Red
30753000,MARKET,Green
20515000,03RD ST,Green
20515000,DONNER,Green
26623000,DIVISADERO,Green
26623000,POST,Green
26825000,BAKER,Green
26825000,BUSH,Green
24703000,CLAY,Green
24703000,SANSOME,Green
22924000,PORTOLA,Green
22924000,SANTA CLARA,Red
22924000,VICENTE,Green
30727000,DRUMM,Green
30727000,MAIN,Red
30727000,MARKET,Green
27655000,25TH AVE,Green
27655000,LAKE,Green
22436000,O'SHAUGHNESSY,Green
22436000,PORTOLA,Green
22436000,WOODSIDE,Green
25027000,JACKSON,Green
25027000,STOCKTON,Green
27441000,CROSS OVER,Green
27441000,MARTIN LUTHER KING JR,Green
25602000,25TH ST,Green
25602000,GUERRERO,Green
25950000,FELL,Green
25950000,WEBSTER,Green
24048000,16TH ST,Green
24048000,BRYANT,Green
24573000,DAVIS,Green
24573000,SACRAMENTO,Green
27341000,19TH AVE,Green
27341000,MORAGA,Green
23021000,19TH AVE,Green
23021000,CRESPI,Green
24238000,11TH ST,Green
24238000,FOLSOM,Green
24133000,18TH ST,Green
24133000,CAPP,Green
25153000,LEAVENWORTH,Yellow
25153000,O'FARRELL,Green
23110000,HIGUERA,Green
23110000,LAKE MERCED,Green
6436207,GREAT HWY,Green
6436207,LAWTON,Green
24503000,FOLSOM,Green
24503000,MAIN,Green
33561000,07TH AVE,Green
33561000,LINCOLN,Green
24897000,EDDY,Green
24897000,MASON,Green
23493000,47TH AVE,Green
23493000,SLOAT,Green
23150000,19TH AVE,Green
23150000,WAWONA,Green
27156000,09TH AVE,Green
27156000,LINCOLN,Green
23811000,03RD ST,Green
23811000,BRANNAN,Green
25190000,ELLIS,Green
25190000,VAN NESS,Green
26534000,BUCHANAN,Green
26534000,CALIFORNIA,Green
22654000,FAXON,Green
22654000,OCEAN,Green
24272000,08TH ST,Green
24272000,FOLSOM,Green
25304000,JACKSON,Green
25304000,POLK,Green
26547000,BROADWAY,Green
26547000,VAN NESS,Green
28013000,48TH AVE,Green
28013000,EL CAMINO DEL MAR,Green
28013000,POINT LOBOS,Green
26589000,FILLMORE,Green
26589000,O'FARRELL,Green
25213000,FRANKLIN,Green
25213000,GEARY,Green
26440000,PAGE,Green
26440000,STANYAN,Green
7826101,KEZAR,Green
7826101,MIDBLOCK AT,Green
7826101,JOHN F KENNEDY,Green
7826101,WALLER,Green
23854000,07TH ST,Green
23854000,TOWNSEND,Green
25178000,ELLIS,Yellow
25178000,POLK,Green
21332000,29TH ST,Green
21332000,MISSION,Green
52248000,MARIPOSA,Green
52248000,OFF RAMP I-280,Green
52248000,ON RAMP I-280,Green
52248000,OWENS,Green
23077000,19TH AVE,Green
23077000,EUCALYPTUS,Green
25014000,CLAY,Green
25014000,POWELL,Green
26180000,CLAYTON,Green
26180000,MARKET,Green
27704000,MORAGA,Green
27704000,SUNSET,Green
24692000,BATTERY,Green
24692000,SACRAMENTO,Green
26303000,CARL,Green
26303000,STANYAN,Green
23906000,04TH ST,Green
23906000,HARRISON,Red
23906000,US I-80 ON RAMP,Green
24299000,08TH ST,Green
24299000,HOWARD,Green
21762000,AVALON,Green
21762000,MISSION,Green
21762000,THERESA,Green
26529000,CALIFORNIA,Green
26529000,OCTAVIA,Green
25185000,FRANKLIN,Green
25185000,TURK,Green
26354000,FELL,Green
26354000,LYON,Green
25631000,22ND ST,Green
25631000,DOLORES,Green
25524000,BAY,Green
25524000,TAYLOR,Green
27566000,ARGUELLO,Green
27566000,CALIFORNIA,Green
23366000,SUNSET,Green
23366000,YORBA,Green
24450000,HAYES,Green
24450000,VAN NESS,Green
21329000,30TH ST,Green
21329000,EUGENIA,Green
21329000,MISSION,Green
23652000,04TH ST,Green
23652000,MARIPOSA,Red
23652000,MINNESOTA,Green
24632000,04TH ST,Green
24632000,MISSION,Green
11010101,BAKER,Green
11010101,CHESTNUT,Red
11010101,RICHARDSON,Green
25899000,FILLMORE,Green
25899000,HAIGHT,Green
24003000,19TH ST,Green
24003000,POTRERO,Green
26686000,UNION,Green
26686000,VAN NESS,Green
26372000,CENTRAL,Green
26372000,FULTON,Green
26965000,LOMBARD,Green
26965000,PIERCE,Green
26066000,McALLISTER,Green
26066000,SCOTT,Green
24160000,18TH ST,Green
24160000,VALENCIA,Green
21740000,ALEMANY,Green
21740000,SAN JUAN,Green
24073000,25TH ST,Green
24073000,MISSION,Green
20247000,03RD ST,Green
20247000,ARTHUR,Green
20247000,CARGO,Green
20231000,03RD ST,Green
20231000,GALVEZ,Green
27483000,GEARY,Green
27483000,PARK PRESIDIO,Green
24590000,03RD ST,Green
24590000,HOWARD,Green
27981000,FULTON,Green
27981000,GREAT HWY,Green
20708000,CESAR CHAVEZ,Green
20708000,INDIANA,Green
24123000,19TH ST,Green
24123000,FOLSOM,Green
24111000,22ND ST,Green
24111000,MISSION,Green
25865000,DOLORES,Green
25865000,MARKET,Green
26640000,CALIFORNIA,Yellow
26640000,PIERCE,Green
20472000,03RD ST,Green
20472000,GILMAN,Red
20472000,PAUL,Green
24083000,21ST ST,Green
24083000,SOUTH VAN NESS,Green
24575000,CLAY,Green
24575000,DRUMM,Green
24509000,FREMONT,Green
24509000,HARRISON,Green
30056000,DAVIS,Green
30056000,WASHINGTON,Green
26345000,MASONIC,Green
26345000,OAK,Green
23070000,EUCALYPTUS,Green
23070000,JUNIPERO SERRA,Red
23070000,OCEAN,Green
24671000,BATTERY,Green
24671000,PINE,Green
23964000,22ND ST WEST,Green
23964000,POTRERO,Green
26525000,BUSH,Green
26525000,LAGUNA,Green
33751000,BAYSHORE,Green
33751000,JERROLD,Green
33751000,US 101 OFF RAMP,Green
26536000,SACRAMENTO,Green
26536000,VAN NESS,Green
24447000,FRANKLIN,Green
24447000,OAK,Green
23897000,06TH ST,Green
23897000,BRYANT,Green
24472000,FRANKLIN,Green
24472000,FULTON,Green
23967000,22ND ST EAST,Green
23967000,POTRERO,Green
24533000,FREMONT,Green
24533000,NATOMA,Green
24533000,TRANSBAY TERMINAL,Green
23991000,23RD ST,Green
23991000,FOLSOM,Green
27554000,26TH AVE,Green
27554000,GEARY,Green
25880000,15TH ST,Green
25880000,MARKET,Green
25880000,SANCHEZ,Green
22927000,VICENTE,Green
22927000,WEST PORTAL,Green
20455000,03RD ST,Green
20455000,FITZGERALD,Green
24550000,EMBARCADERO,Green
24550000,MISSION,Green
23604000,EMBARCADERO,Green
23604000,HARRISON,Green
25175000,POLK,Green
25175000,TURK,Green
26622000,POST,Green
26622000,SCOTT,Green
30742000,07TH ST,Green
30742000,CHARLES J BRENHAM,Red
30742000,MARKET,Green
25994000,OAK,Green
25994000,STEINER,Green
24910000,STOCKTON,Green
24910000,SUTTER,Green
24354000,12TH ST,Green
24354000,HOWARD,Green
50069000,FREMONT,Green
50069000,I-80 OFF-RAMP,Green
25973000,FILLMORE,Green
25973000,TURK,Green
10293000,PARNASSUS,Green
10293000,MIDBLOCK AT,Green
10293000,UCSF HOSPITAL,Green
21765000,MISSION,Green
21765000,SILVER,Green
26704000,NORTH POINT,Green
26704000,POLK,Green
21306000,26TH ST,Green
21306000,MISSION,Green
24748000,CALIFORNIA,Green
24748000,KEARNY,Green
21349000,29TH ST,Green
21349000,SAN JOSE,Green
23016000,HOLLOWAY,Green
23016000,JUNIPERO SERRA,Green
24456000,GOUGH,Green
24456000,PAGE,Green
24711000,SANSOME,Green
24711000,WASHINGTON,Green
26105000,MARKET,Green
26105000,ROMAIN,Green
27857000,34TH AVE,Yellow
27857000,GEARY,Green
25222000,PINE,Green
25222000,POLK,Green
27694000,ORTEGA,Green
27694000,SUNSET,Green
23797000,04TH ST,Green
23797000,BERRY,Green
25053000,PACIFIC,Green
25053000,STOCKTON,Green
24020000,17TH ST,Green
24020000,POTRERO,Green
25461000,BAY,Green
25461000,POWELL,Green
27245000,03RD AVE,Green
27245000,GEARY,Green
27025000,GORGAS,Green
27025000,LYON,Red
27025000,RICHARDSON,Green
24490000,02ND ST,Green
24490000,BRYANT,Green
24995000,CLAY,Green
24995000,STOCKTON,Green
21940000,BOSWORTH,Green
21940000,DIAMOND,Green
25477000,BEACH,Green
25477000,STOCKTON,Green
21354000,27TH ST,Green
21354000,GUERRERO,Green
26541000,JACKSON,Green
26541000,VAN NESS,Green
27221000,GEARY,Green
27221000,JORDAN,Green
27221000,STANYAN,Green
27653000,25TH AVE,Green
27653000,CALIFORNIA,Green
27176000,FUNSTON,Green
27176000,LINCOLN,Green
21829000,HIGHLAND,Green
21829000,MISSION,Green
25607000,23RD ST,Green
25607000,GUERRERO,Green
27735000,JUDAH,Green
27735000,SUNSET,Green
26639000,FILLMORE,Green
26639000,SACRAMENTO,Green
26065000,GOLDEN GATE,Green
26065000,SCOTT,Green
26542000,GOUGH,Yellow
26542000,SACRAMENTO,Green
24778000,JACKSON,Green
24778000,KEARNY,Green
23929000,07TH ST,Green
23929000,HARRISON,Red
23929000,US I-80 ON RAMP,Green
25999000,HAIGHT,Green
25999000,PIERCE,Green
24527000,FREMONT,Green
24527000,HOWARD,Green
27289000,09TH AVE,Green
27289000,GEARY,Green
20493000,03RD ST,Green
20493000,ARMSTRONG,Green
25145000,HYDE,Green
25145000,O'FARRELL,Green
9096000,MISSION,Green
9096000,MIDBLOCK AT,Green
9096000,04TH ST,Green
9096000,05TH ST,Green
23550000,03RD ST,Green
23550000,24TH ST,Green
26700000,CHESTNUT,Green
26700000,FRANKLIN,Green
24326000,GOLDEN GATE,Green
24326000,JONES,Green
20239000,03RD ST,Green
20239000,EVANS,Green
24145000,19TH ST,Green
24145000,MISSION,Green
26705000,BAY,Green
26705000,VAN NESS,Green
26611000,CALIFORNIA,Green
26611000,FILLMORE,Green
24583000,03RD ST,Green
24583000,FOLSOM,Green
21359000,CARTER,Green
21359000,GENEVA,Green
21359000,WALBRIDGE,Green
25727000,15TH ST,Green
25727000,CHURCH,Green
26519000,LAGUNA,Green
26519000,SUTTER,Green
30734000,02ND ST,Green
30734000,MARKET,Green
22245000,GENNESSEE,Yellow
22245000,MONTEREY,Green
26396000,EWING,Green
26396000,MASONIC,Green
27213000,ARGUELLO,Green
27213000,BALBOA,Red
27213000,TURK,Green
24466000,MCALLISTER,Green
24466000,VAN NESS,Green
26419000,COLE,Green
26419000,OAK,Green
26344000,MASONIC,Green
26344000,PAGE,Green
22755000,CERRITOS,Green
22755000,OCEAN,Red
22755000,WESTGATE,Green
24437000,GROVE,Green
24437000,POLK,Green
27290000,08TH AVE,Green
27290000,CLEMENT,Green
33722000,PLYMOUTH,Green
33722000,SAGAMORE,Green
33722000,SAN JOSE,Green
33722000,SICKLES,Green
26475000,FULTON,Green
26475000,STANYAN,Green
23958000,24TH ST,Green
23958000,BRYANT,Green
24324000,LEAVENWORTH,Green
24324000,MCALLISTER,Green
21769000,BRAZIL,Green
21769000,MISSION,Green
21769000,NORTON,Green
23570000,03RD ST,Green
23570000,18TH ST,Green
26685000,FILBERT,Green
26685000,VAN NESS,Green
24741000,BUSH,Green
24741000,GRANT,Green
24694000,BATTERY,Green
24694000,CLAY,Green
25962000,LAGUNA,Green
25962000,TURK,Green
24768000,BROADWAY,Green
24768000,MONTGOMERY,Green
24733000,KEARNY,Yellow
24733000,SACRAMENTO,Green
32977000,CORBETT,Green
32977000,MARKET,Red
32977000,PORTOLA,Green
24774000,KEARNY,Green
24774000,WASHINGTON,Green
21485000,MISSION,Green
21485000,NIAGARA,Green
21485000,POPE,Green
21485000,ROLPH,Green
10390000,PHELAN,Green
10390000,MIDBLOCK AT,Red
10390000,CLOUD CIRCLE,Green
7832201,KING,Green
7832201,MIDBLOCK AT,Green
7832201,02ND ST,Green
7832201,03RD ST,Green
26002000,OAK,Green
26002000,PIERCE,Green
23825000,LUSK,Green
23825000,TOWNSEND,Green
27542000,24TH AVE,Green
27542000,GEARY,Green
24913000,MASON,Green
24913000,O'FARRELL,Green
25197000,GEARY,Green
25197000,VAN NESS,Green
24532000,01ST ST,Green
24532000,HOWARD,Green
26826000,BAKER,Green
26826000,PINE,Green
23205000,19TH AVE,Green
23205000,PACHECO,Green
26701000,BAY,Green
26701000,POLK,Green
24063000,24TH ST,Green
24063000,SOUTH VAN NESS,Green
21489000,ALLISON,Green
21489000,MISSION,Green
21489000,MOUNT VERNON,Green
26471000,FULTON,Green
26471000,PARKER,Green
26471000,SHRADER,Green
27084000,06TH AVE,Green
27084000,IRVING,Green
25003000,PINE,Green
25003000,POWELL,Green
21142000,ALABAMA,Green
21142000,CESAR CHAVEZ,Green
26400000,ANZA,Green
26400000,MASONIC,Red
26400000,O'FARRELL,Green
24334000,GOLDEN GATE,Green
24334000,LEAVENWORTH,Green
27248000,04TH AVE,Green
27248000,GEARY,Green
23159000,19TH AVE,Green
23159000,VICENTE,Green
25149000,ELLIS,Green
25149000,LARKIN,Green
25965000,FILLMORE,Green
25965000,FULTON,Green
24139000,17TH ST,Green
24139000,SOUTH VAN NESS,Green
27537000,21ST AVE,Green
27537000,GEARY,Green
24461000,FRANKLIN,Green
24461000,GROVE,Green
23890000,06TH ST,Green
23890000,BRANNAN,Green
23890000,US I-280 ON/OFF RAMPS,Green
34162000,03RD ST,Green
34162000,WARRIORS WAY,Green
25959000,GOLDEN GATE,Green
25959000,LAGUNA,Green
26817000,BRODERICK,Green
26817000,PINE,Green
26614000,POST,Green
26614000,STEINER,Green
20500000,03RD ST,Green
20500000,SHAFTER,Green
26631000,PINE,Green
26631000,STEINER,Green
25303000,POLK,Green
25303000,WASHINGTON,Green
27545000,25TH AVE,Green
27545000,BALBOA,Green
8747101,MARKET,Green
8747101,MIDBLOCK AT,Green
8747101,POWELL,Green
20203000,EVANS,Green
20203000,MENDELL,Green
26810000,BUSH,Green
26810000,DIVISADERO,Green
24936000,ELLIS,Green
24936000,JONES,Green
23418000,QUINTARA,Green
23418000,SUNSET,Green
20244000,03RD ST,Green
20244000,DAVIDSON,Red
20244000,PHELPS,Green
21331000,MISSION,Green
21331000,VIRGINIA,Green
26849000,PRESIDIO,Green
26849000,SACRAMENTO,Green
23746000,16TH ST,Green
23746000,WISCONSIN,Green
26604000,PINE,Green
26604000,WEBSTER,Green
24574000,DRUMM,Green
24574000,SACRAMENTO,Green
24216000,11TH ST,Green
24216000,BRYANT,Green
24216000,DIVISION,Green
24216000,10",Green
25525000,COLUMBUS,Green
25525000,FRANCISCO,Green
24596000,HOWARD,Green
24596000,NEW MONTGOMERY,Green
20578000,DWIGHT,Green
20578000,PAUL,Green
20578000,SAN BRUNO,Green
25967000,MCALLISTER,Green
25967000,WEBSTER,Green
22088000,CAYUGA,Green
22088000,GENEVA,Green
26338000,ASHBURY,Green
26338000,HAIGHT,Green
24546000,EMBARCADERO,Green
24546000,HOWARD,Green
24917000,GEARY,Green
24917000,MASON,Green
24504000,HOWARD,Green
24504000,MAIN,Green
26568000,BROADWAY,Yellow
26568000,GOUGH,Green
24342000,14TH ST,Green
24342000,SOUTH VAN NESS,Green
21135000,BRYANT,Green
21135000,CESAR CHAVEZ,Green
25152000,LARKIN,Green
25152000,O'FARRELL,Green
24747000,GRANT,Green
24747000,PINE,Green
24209000,09TH ST,Green
24209000,HARRISON,Green
21890000,30TH ST,Green
21890000,SAN JOSE,Green
24918000,POST,Green
24918000,POWELL,Green
24729000,CALIFORNIA,Green
24729000,MONTGOMERY,Green
23599000,BEALE,Green
23599000,BRYANT,Green
24435000,FULTON,Green
24435000,LARKIN,Green
21326000,CORTLAND,Green
21326000,MISSION,Green
22524000,ARCH,Green
22524000,BROTHERHOOD,Green
27216000,ANZA,Green
27216000,STANYAN,Green
25683000,19TH ST,Green
25683000,DOLORES,Green
23881000,09TH ST,Green
23881000,BRANNAN,Green
30765000,BATTERY,Green
30765000,BROADWAY,Green
24902000,O'FARRELL,Green
24902000,STOCKTON,Green
26770000,LOMBARD,Green
26770000,STEINER,Green
33493000,ALEMANY,Green
33493000,FARRAGUT,Green
26061000,BRODERICK,Green
26061000,FULTON,Green
24976000,BUSH,Green
24976000,POWELL,Green
25941000,GOUGH,Green
25941000,MCALLISTER,Green
26072000,BRODERICK,Green
26072000,MCALLISTER,Green
23574000,ILLINOIS,Green
23574000,MARIPOSA,Green
23574000,TERRY A FRANCOIS,Green
24519000,02ND ST,Green
24519000,FOLSOM,Green
24451000,FRANKLIN,Green
24451000,HAYES,Green
27620000,CALIFORNIA,Green
27620000,PARK PRESIDIO,Green
24634000,05TH ST,Green
24634000,MISSION,Green
24142000,16TH ST,Green
24142000,SOUTH VAN NESS,Green
26434000,HAIGHT,Green
26434000,STANYAN,Green
26498000,BUSH,Green
26498000,FRANKLIN,Green
26362000,BAKER,Green
26362000,TURK,Green
26822000,BRODERICK,Green
26822000,CALIFORNIA,Green
26667000,FILLMORE,Green
26667000,UNION,Green
24206000,10TH ST,Green
24206000,HARRISON,Green
24881000,BAY,Green
24881000,EMBARCADERO,Green
6436202,GREAT HWY,Green
6436202,TARAVAL,Green
27141000,07TH AVE,Green
27141000,KIRKHAM,Green
27830000,36TH AVE,Green
27830000,FULTON,Green
27037000,CLARENDON,Green
27037000,LAGUNA HONDA,Green
26549000,FRANKLIN,Green
26549000,PACIFIC,Green
26430000,HAIGHT,Green
26430000,SHRADER,Green
22629000,MIRAMAR,Green
22629000,OCEAN,Green
26342000,HAIGHT,Green
26342000,MASONIC,Green
24900000,ELLIS,Green
24900000,MASON,Green
23819000,05TH ST,Green
23819000,KING,Green
25073000,CALIFORNIA,Green
25073000,MASON,Green
25186000,EDDY,Green
25186000,VAN NESS,Green
26460000,TAMALPAIS,Yellow
26460000,TURK,Green
26500000,CALIFORNIA,Green
26500000,FRANKLIN,Green
25676000,19TH ST,Green
25676000,GUERRERO,Green
26948000,CALIFORNIA,Green
26948000,MAPLE,Red
26948000,PARKER,Green
26433000,STANYAN,Green
26433000,WALLER,Green
27547000,25TH AVE,Green
27547000,ANZA,Green
24639000,03RD ST,Green
24639000,STEVENSON,Green
25192000,O'FARRELL,Green
25192000,VAN NESS,Green
25993000,HAIGHT,Green
25993000,STEINER,Green
24293000,06TH ST,Green
24293000,MISSION,Green
25048000,POWELL,Green
25048000,WASHINGTON,Green
24004000,18TH ST,Green
24004000,POTRERO,Green
23785000,07TH ST,Green
23785000,16TH ST,Green
23785000,MISSISSIPPI,Green
26514000,GEARY,Green
26514000,LAGUNA,Green
23606000,HARRISON,Green
23606000,SPEAR,Green
24602000,MISSION,Green
24602000,SHAW,Green
24079000,21ST ST,Green
24079000,FOLSOM,Green
25103000,JACKSON,Green
25103000,MASON,Green
24183000,16TH ST,Green
24183000,VALENCIA,Green
30749000,12TH ST,Green
30749000,FRANKLIN,Green
30749000,MARKET,Green
30749000,PAGE,Green
23535000,03RD ST,Green
23535000,CESAR CHAVEZ,Green
25176000,EDDY,Yellow
25176000,POLK,Green
27191000,ARGUELLO,Green
27191000,FULTON,Green
26624000,DIVISADERO,Green
26624000,SUTTER,Green
20308000,BAYSHORE,Green
20308000,VISITACION,Green
20816000,BAYSHORE,Green
20816000,OAKDALE,Green
20496000,03RD ST,Green
20496000,QUESADA,Green
24701000,SACRAMENTO,Green
24701000,SANSOME,Green
23579000,03RD ST,Green
23579000,MISSION ROCK,Green
23079000,19TH AVE,Green
23079000,OCEAN,Green
25208000,POLK,Green
25208000,SUTTER,Green
22556000,19TH AVE,Green
22556000,JUNIPERO SERRA,Green
25930000,BUCHANAN,Green
25930000,FELL,Green
23908000,05TH ST,Green
23908000,HARRISON,Red
23908000,US I-80 OFF RAMP,Green
23367000,SUNSET,Green
23367000,WAWONA,Green
24926000,ELLIS,Green
24926000,TAYLOR,Green
27343000,19TH AVE,Green
27343000,LAWTON,Green
24476000,FRANKLIN,Green
24476000,GOLDEN GATE,Green
23603000,HARRISON,Green
23603000,MAIN,Green
12553211,DON CHEE,Green
12553211,EMBARCADERO,Green
25533000,BAY,Green
25533000,COLUMBUS,Green
25533000,JONES,Green
26540000,VAN NESS,Green
26540000,WASHINGTON,Green
25853000,MCCOPPIN,Green
25853000,VALENCIA,Green
21751000,MISSION,Green
21751000,ONONDAGA,Green
21496000,FOOTE,Yellow
21496000,GUTTENBERG,Green
21496000,MISSION,Green
21362000,BROOKDALE,Green
21362000,GENEVA,Green
30739000,05TH ST,Green
30739000,MARKET,Green
25174000,BUSH,Green
25174000,HYDE,Green
24627000,04TH ST,Green
24627000,HOWARD,Green
25595000,BEACH,Green
25595000,JONES,Green
26067000,DIVISADERO,Green
26067000,MCALLISTER,Green
21526000,ALEMANY,Green
21526000,FOOTE,Green
24613000,03RD ST,Green
24613000,MISSION,Green
20770000,SAN BRUNO,Green
20770000,SILVER,Green
25900000,OAK,Green
25900000,WEBSTER,Green
24660000,GRANT,Green
24660000,POST,Green
26721000,LOMBARD,Green
26721000,OCTAVIA,Green
22105000,GENEVA,Green
22105000,SAN JOSE,Green
25090000,JONES,Green
25090000,PINE,Green
25594000,JEFFERSON,Green
25594000,TAYLOR,Green
22795000,OCEAN,Green
22795000,SAN FERNANDO,Green
24199000,08TH ST,Green
24199000,BRYANT,Green
24347000,12TH ST,Green
24347000,FOLSOM,Green
24088000,24TH ST,Green
24088000,MISSION,Green
24957000,BUSH,Green
24957000,TAYLOR,Green
26349000,CENTRAL,Green
26349000,FELL,Green
27596000,06TH AVE,Green
27596000,CALIFORNIA,Green
2829000,BAYSHORE,Green
2829000,MIDBLOCK AT,Green
2829000,CESAR CHAVEZ,Green
2829000,MARIN,Green
24229000,11TH ST,Green
24229000,HARRISON,Green
27558000,28TH AVE,Green
27558000,GEARY,Green
32920000,18TH ST,Green
32920000,MARKET,Green
25479000,BEACH,Green
25479000,POWELL,Green
21441000,GENEVA,Green
21441000,MADRID,Green
25091000,CALIFORNIA,Green
25091000,JONES,Green
24153000,20TH ST,Green
24153000,VALENCIA,Green
25473000,BAY,Green
25473000,MASON,Green
30757000,GUERRERO,Green
30757000,HERMANN,Green
30757000,LAGUNA,Green
30757000,MARKET,Green
6436208,GREAT HWY,Green
6436208,JUDAH,Green
26727000,BAY,Green
26727000,OCTAVIA,Green
27374000,19TH AVE,Green
27374000,CROSS OVER,Green
27374000,LINCOLN,Green
27374000,5",Green
24909000,POWELL,Green
24909000,SUTTER,Green
23605000,EMBARCADERO,Green
23605000,FOLSOM,Green
21781000,ALEMANY,Green
21781000,SILVER,Green
25512000,HYDE,Green
25512000,UNION,Green
26537000,FRANKLIN,Green
26537000,SACRAMENTO,Green
